{"cameraMode":{"drawMode":0,"name":"Shaded","section":"Shading Mode"},"sceneLighting":true,"audioPlay":false,"sceneViewState":{"showFog":true,"showMaterialUpdate":false,"showSkybox":true,"showFlares":true,"showImageEffects":true,"showParticleSystems":true},"in2DMode":false,"pivot":{"x":0.012354090809822083,"y":-0.02548123151063919,"z":0.03463130444288254},"rotation":{"x":-0.18513168394565583,"y":0.0330105721950531,"z":-0.006226076744496822,"w":-0.9821542501449585},"size":1.8185994625091553,"orthographic":true}