{"cameraMode":{"drawMode":0,"name":"Shaded","section":"Shading Mode"},"sceneLighting":true,"audioPlay":false,"sceneViewState":{"showFog":true,"showMaterialUpdate":false,"showSkybox":true,"showFlares":true,"showImageEffects":true,"showParticleSystems":true},"in2DMode":false,"pivot":{"x":0.012354090809822083,"y":-0.02548123151063919,"z":0.03463130444288254},"rotation":{"x":-0.2220926135778427,"y":0.3017980754375458,"z":-0.07252160459756851,"w":-0.9243150949478149},"size":0.17357464134693147,"orthographic":true}