{"cameraMode":{"drawMode":0,"name":"Shaded","section":"Shading Mode"},"sceneLighting":true,"audioPlay":false,"sceneViewState":{"showFog":true,"showMaterialUpdate":false,"showSkybox":true,"showFlares":true,"showImageEffects":true,"showParticleSystems":true},"in2DMode":false,"pivot":{"x":0.0,"y":-0.30000001192092898,"z":0.30000001192092898},"rotation":{"x":-0.30794331431388857,"y":0.1439729928970337,"z":-0.04720694199204445,"w":-0.939276397228241},"size":0.47708383202552798,"orthographic":true}