{"cameraMode":{"drawMode":0,"name":"Shaded","section":"Shading Mode"},"sceneLighting":true,"audioPlay":false,"sceneViewState":{"showFog":true,"showMaterialUpdate":false,"showSkybox":true,"showFlares":true,"showImageEffects":true,"showParticleSystems":true},"in2DMode":false,"pivot":{"x":76.50845336914063,"y":66.19515991210938,"z":-104.66852569580078},"rotation":{"x":-0.2220926135778427,"y":0.3017980754375458,"z":-0.07252160459756851,"w":-0.9243150949478149},"size":0.2224232256412506,"orthographic":true}